what did the only repealed amendment to the u.s. constitution deal with ?	WHNP	what	NONE	NONE	amendment	DESC.desc
what 's the olympic motto ?	WHNP	what	NONE	NONE	motto	DESC.desc
what is the origin of the name ` scarlett ' ?	WHNP	what	NONE	NONE	origin	DESC.desc
what do mormons believe ?	WHNP	what	NONE	NONE	mormons	DESC.desc
where did the term `` 86ed '' come from ?	WHADVP	where	NONE	NONE	term	DESC.desc
what is the history of skateboarding ?	WHNP	what	NONE	NONE	history	DESC.desc
what is the origin of head lice ?	WHNP	what	NONE	NONE	origin	DESC.desc
what is the origin of the word `` attic '' ?	WHNP	what	NONE	NONE	origin	DESC.desc
what did delilah do to samson 's hair ?	WHNP	what	NONE	NONE	delilah	DESC.desc
where do chihuahuas come from ?	WHADVP	where	NONE	NONE	chihuahuas	DESC.desc
what is the historical relationship of catholic church and bingo ?	WHNP	what	NONE	NONE	relationship	DESC.desc
what is the origin of the word , jj .	WHNP	what	NONE	NONE	origin	DESC.desc
where did indian pudding come from ?	WHADVP	where	NONE	NONE	indian pudding	DESC.desc
what is the design of the ship titanic ?	WHNP	what	NONE	NONE	design	DESC.desc
what is the daily requirement of folic acid for an expectant mother ?	WHNP	what	NONE	NONE	requirement	DESC.desc
what are the powers and weaknesses of green lantern 's ring ?	WHNP	what	NONE	NONE	powers	DESC.desc
what is the origin of the name katie ?	WHNP	what	NONE	NONE	origin	DESC.desc
what is the history of valentine 's day cards ?	WHNP	what	NONE	NONE	history	DESC.desc
what is the use of a 24-hour clock instead of a 12-hour clock ?	WHNP	what	NONE	NONE	use	DESC.desc
what is the difference between a generator and an alternator ?	WHNP	what	NONE	NONE	difference	DESC.desc
what is the difference between classical conditioning and operant conditioning ?	WHNP	what	NONE	NONE	difference	DESC.desc
what are some interesting facts and information about dogsledding ?	WHNP	what	NONE	NONE	facts	DESC.desc
what do bee hives do in cranberry bogs ?	WHNP	what	NONE	NONE	bee hives	DESC.desc
what do economists do ?	WHNP	what	NONE	NONE	economists	DESC.desc
what do i need to do to take my dog with me to live in dominica , west indies for a year ?	WHNP	what	NONE	NONE	i	DESC.desc
what are the distinct physical characterstics of the arabian horse ?	WHNP	what	NONE	NONE	characterstics	DESC.desc
where do rocks come from ?	WHADVP	where	NONE	NONE	rocks	DESC.desc
what is the origin of the word , magic ?	WHNP	what	NONE	NONE	origin	DESC.desc
what is the motto for the state of maryland ?	WHNP	what	NONE	NONE	motto	DESC.desc
what do players try to do when the music stops in a game of musical chairs ?	WHNP	what	NONE	NONE	players	DESC.desc
what does a nihilist believe in ?	WHNP	what	NONE	NONE	nihilist	DESC.desc
what did richard feynman say upon hearing he would receive the nobel prize in physics ?	WHNP	what	NONE	NONE	feynman	DESC.desc
what is the origin and the meaning of the name , `` hajo ? ''	WHNP	what	NONE	NONE	origin	DESC.desc
what facial feature typically contains about 55 hairs ?	WHNP	what	JJ	facial feature	feature	DESC.desc
what happened during the blackhawk indian war of 1832 ?	WHNP	what	NONE	NONE	what	DESC.desc
what 's the origin of the word ` news ' ?	WHNP	what	NONE	NONE	origin	DESC.desc
what is the origin of the expression `` tout de suite '' ?	WHNP	what	NONE	NONE	origin	DESC.desc
what are the living conditions in cuba ?	WHNP	what	NONE	NONE	living conditions	DESC.desc
what information can you get me on fairground park in st. louis	WHNP	what	NN	information	you	DESC.desc
what is the difference between a median and a mean ?	WHNP	what	NONE	NONE	difference	DESC.desc
what excuse did the nato people give for hitting the chinese embassy ?	WHNP	what	NN	excuse	people	DESC.desc
what is the origin of the surname of braun ?	WHNP	what	NONE	NONE	origin	DESC.desc
what is the difference between neoclassical art and romanticism art ?	WHNP	what	NONE	NONE	difference	DESC.desc
what is an example of an actual case of using the fourteenth amendment ?	WHNP	what	NONE	NONE	example	DESC.desc
what is the acreage of the chappellet vineyard ?	WHNP	what	NONE	NONE	acreage	NUM.volsize
what is the size of the largest akita ?	WHNP	what	NONE	NONE	size	NUM.volsize
what fraction of a beaver 's life is spent swimming ?	WHNP	what	NP	fraction	fraction	NUM.perc
what percentage of the body is muscle ?	WHNP	what	NN	percentage	muscle	NUM.perc
what percentage of americans own their homes ?	WHNP	what	NN	percentage	percentage	NUM.perc
what percent liked thatcher after she had been in power for a decade ?	WHNP	what	NN	percent	percent	NUM.perc
what is considered the costliest disaster the insurance industry has ever faced ?	WHNP	what	NONE	NONE	what	ENTY.event
what war did the wanna-go-home riots occur after ?	WHNP	what	NN	war	riots	ENTY.event
what are the rites accompanying the circumcision of a newly born-child in judaism called ?	WHNP	what	NONE	NONE	rites	ENTY.event
what jewish holiday saw the start of the 1973 mideast war ?	WHNP	what	ADJP	jewish holiday	holiday	ENTY.event
what war did florence nightingale tend the troops in ?	WHNP	what	NN	war	nightingale	ENTY.event
what historical event happened in dogtown in 1899 ?	WHNP	what	JJ	historical event	event	ENTY.event
what age followed the bronze age ?	WHNP	what	NN	age	age	ENTY.event
what events happened january 26 , 1978 ?	WHNP	what	NNS	events	events	ENTY.event
what astronomical phenomenon takes place in jan. 1999 ?	WHNP	what	JJ	astronomical phenomenon	phenomenon	ENTY.event
what are some of the significant historical events of the 1990s ?	WHNP	what	NONE	NONE	some	ENTY.event
what holidays are celebrated in ireland ?	WHNP	what	NNS	holidays	holidays	ENTY.event
what was organized as a confederate veterans ' social club in pulaski , in tennessee , in 1866 ?	WHNP	what	NONE	NONE	what	ENTY.event
how many jews were executed in concentration camps during wwii ?	WHADJP	how	JJ	many	jews	NUM.count
how many points make up a perfect fivepin bowling score ?	WHADJP	how	JJ	many	points	NUM.count
how many community chest cards are there in monopoly ?	WHADJP	how	JJ	many	community chest cards	NUM.count
how many people in the world speak french ?	WHADJP	how	JJ	many	people	NUM.count
how many inches over six feet is the venus de milo ?	WHADJP	how	JJ	many	venus	NUM.count
how many species of the great white shark are there ?	WHADJP	how	JJ	many	species	NUM.count
how many villi are found in the small intestine ?	WHADJP	how	JJ	many	villi	NUM.count
how many years do fossils take to form ?	WHADJP	how	JJ	many	fossils	NUM.count
how many hostages were killed in the entebbe raid ?	WHADJP	how	JJ	many	hostages	NUM.count
how many bends are there in a standard paper clip ?	WHADJP	how	JJ	many	bends	NUM.count
how many months does it take the moon to revolve around the earth ?	WHADJP	how	JJ	many	it	NUM.count
how many colonies were involved in the american revolution ?	WHADJP	how	JJ	many	colonies	NUM.count
how many species of sharks are there ?	WHADJP	how	JJ	many	species	NUM.count
how many people are there in the world ?	WHADJP	how	JJ	many	people	NUM.count
how many revolutions does a standard lp make in three minutes ?	WHADJP	how	JJ	many	lp	NUM.count
how many south american countries have the letter z in their names ?	WHADJP	how	JJ	many	letter	NUM.count
how many people on the ground were killed from the bombing of pan am flight 103 over lockerbie , scotland , december 21 , cd .	WHADJP	how	JJ	many	killed	NUM.count
how many feet are there in a fathom ?	WHADJP	how	JJ	many	feet	NUM.count
how many people did randy craft kill ?	WHADJP	how	JJ	many	craft	NUM.count
how many years ago did the ship titanic sink ?	WHADJP	how	JJ	many	ship titanic	NUM.count
how many calories are there in a big mac ?	WHADJP	how	JJ	many	calories	NUM.count
what 's the american dollar equivalent for 8 pounds in the u.k. ?	WHNP	what	NONE	NONE	dollar equivalent	NUM.count
how many sonnets did shakespeare write ?	WHADJP	how	JJ	many	shakespeare	NUM.count
how many beatles ' records went #1 ?	WHADJP	how	JJ	many	records	NUM.count
how many equal angles are there in an isosceles triangle ?	WHADJP	how	JJ	many	angles	NUM.count
how many years did it take james joyce to write ulysses ?	WHADJP	how	JJ	many	it	NUM.count
how many types of dogs ' tails are there - three	WHADJP	how	JJ	many	types	NUM.count
how many miles is it to ohio from north carolina ?	WHADJP	how	JJ	many	miles	NUM.count
how much snow equals an inch of rain ?	WHADJP	how	JJ	much	snow	NUM.count
how many referees work a soccer game ?	WHADJP	how	JJ	many	referees	NUM.count
how many degrees cooler is the inside of a cucumber than the air outside ?	WHADJP	how	JJ	many	inside	NUM.count
how many years is johnnie walker black label aged ?	WHADJP	how	JJ	many	walker label	NUM.count
how many innings are there in a regulation softball game ?	WHADJP	how	JJ	many	innings	NUM.count
how many wives did brigham young have ?	WHADJP	how	JJ	many	brigham	NUM.count
how many colleges are in wyoming ?	WHADJP	how	JJ	many	colleges	NUM.count
how many dots make up the symbol for `` because '' ?	WHADJP	how	JJ	many	dots	NUM.count
how many hearts does an octopus have ?	WHADJP	how	JJ	many	octopus	NUM.count
how many holes are there in a tenpin bowling ball ?	WHADJP	how	JJ	many	holes	NUM.count
how many shots can a stock m16 hold ?	WHADJP	how	JJ	many	stock m16	NUM.count
how many quarters equal a pound ?	WHADJP	how	JJ	many	quarters	NUM.count
how many sperm cells are in an average ejaculation ?	WHADJP	how	JJ	many	sperm cells	NUM.count
what was the u.s. highway death toll in 1969 ?	WHNP	what	NONE	NONE	u.s. highway death toll	NUM.count
how many degrees cooler is the inside of a cucumber than the air outside ?	WHADJP	how	JJ	many	inside	NUM.count
how many layers of yellow paint is a faber mongol pencil lucky enough to be sprayed with ?	WHADJP	how	JJ	many	faber mongol pencil	NUM.count
how many americans fought for the british in the american revolution ?	WHNP	how	JJ	many	many	NUM.count
how many oceans are there and name them ?	WHADJP	how	JJ	many	there	NUM.count
how many pairs of legs does a lobster have ?	WHADJP	how	JJ	many	lobster	NUM.count
how many times has `` louie , louie '' been recorded ?	WHADJP	how	JJ	many	louie	NUM.count
how many fingers are used to draw a bow ?	WHADJP	how	JJ	many	fingers	NUM.count
how many months does a normal human pregnancy last ?	WHADJP	how	JJ	many	pregnancy	NUM.count
how many vietnamese were there in the soviet union ?	WHADJP	how	JJ	many		NUM.count
how many hands does bjorn borg use when hitting his forehand ?	WHADJP	how	JJ	many	bjorn borg	NUM.count
how many people died on d-day ?	WHADJP	how	JJ	many	people	NUM.count
how many casinos are in atlantic city , nj ?	WHADJP	how	JJ	many	casinos	NUM.count
what is the chromosome number of an elephant ?	WHNP	what	NONE	NONE	chromosome number	NUM.count
how many double-word-score spaces are there on a scrabble crossword game board ?	WHADJP	how	JJ	many	spaces	NUM.count
how many cds has garth brooks sold ?	WHADJP	how	JJ	many		NUM.count
how many gutenberg bibles are there ?	WHADJP	how	JJ	many	gutenberg	NUM.count
how many home runs did lou gehrig have during his career ?	WHADJP	how	JJ	many	lou gehrig	NUM.count
how many boys play the game in winslow homer 's 1872 painting snap the whip ?	WHADJP	how	JJ	many	boys	NUM.count
how many astronauts manned each project mercury flight ?	WHADJP	how	JJ	many	astronauts	NUM.count
how many students attend the university of massachusetts ?	WHADJP	how	JJ	many	students	NUM.count
what shrubs can be planted that will be safe from deer ?	WHNP	what	NNS	shrubs	shrubs	ENTY.plant
what plant has the largest seed ?	WHNP	what	NN	plant	plant	ENTY.plant
what are two plants that clothes are made from ?	WHNP	what	NONE	NONE	plants	ENTY.plant
what plant is rum made from ?	WHNP	what	NN	plant	rum	ENTY.plant
how long is the coney island boardwalk ?	WHNP	how	RB	long	island boardwalk	NUM.dist
how far do you have to run if you hit a home run ?	WHADVP	how	RB	far	you	NUM.dist
how far can a man travel in outer space ?	WHADVP	how	RB	far	man	NUM.dist
what is the wingspan of a condor ?	WHNP	what	NONE	NONE	wingspan	NUM.dist
which city has the oldest relationship as a sister√∞city with los angeles ?	WHNP	which	NN	city	city	LOC.city
what city boasts penn 's landing , on the banks of the delaware river ?	WHNP	what	NN	city	city	LOC.city
what is the name of the city that maurizio pellegrin lives in ?	WHNP	what	NONE	NONE	name	LOC.city
what city is sometimes called gotham ?	WHNP	what	NN	city	city	LOC.city
what south american city has the world 's highest commercial landing field ?	WHNP	what	ADJP	south city	city	LOC.city
what european city do nicois live in ?	WHNP	what	ADJP	european city	nicois	LOC.city
what is california 's capital ?	WHNP	what	NONE	NONE	capital	LOC.city
what city did the flintstones live in ?	WHNP	what	NN	city	flintstones	LOC.city
which city did christian crusaders fight to recapture from the muslims ?	WHNP	which	NN	city	christian crusaders	LOC.city
what south korean city is served by kimpo international airport ?	WHNP	what	ADJP	south city	city	LOC.city
what nevada center has been dubbed the biggest little city in the world ?	WHNP	what	NONE	NONE	nevada center	LOC.city
what u.s. city is the queen of the pacific ?	WHNP	what	ADJP	u.s. city	queen	LOC.city
what city is logan airport in ?	WHNP	what	NN	city	city	LOC.city
what is the largest city on the great lakes ?	WHNP	what	NONE	NONE	city	LOC.city
what city gained renown for its pea-soup fogs ?	WHNP	what	NN	city	city	LOC.city
what russian seaport has a name meaning `` lord of the east '' ?	WHNP	what	ADJP	russian seaport	seaport	LOC.city
what city is served by logan international airport ?	WHNP	what	NN	city	city	LOC.city
what russian city boasts the hermitage museum ?	WHNP	what	ADJP	russian city	city	LOC.city
what city was president william mckinley shot in ?	WHNP	what	NN	city	president william	LOC.city
what city has the world 's longest subway system ?	WHNP	what	NN	city	city	LOC.city
what are the five most expensive cities in the world ?	WHNP	what	NONE	NONE	cities	LOC.city
what city is the setting for puccini 's opera la boheme ?	WHNP	what	NN	city	setting	LOC.city
what city houses the u.s. headquarters of procter and gamble ?	WHNP	what	NN	city	city	LOC.city
what is the city in which maurizio pellegrin lives called ?	WHNP	what	NONE	NONE	city	LOC.city
what texas city got its name from the spanish for `` yellow '' ?	WHNP	what	ADJP	texas city	city	LOC.city
in what city is the headquarters of sinn fein ?	WHPP	in	WHNP	what	headquarters	LOC.city
where is the highest point in japan ?	WHADVP	where	NONE	NONE	point	LOC.mount
what is the name of the tallest mountain in the world ?	WHNP	what	NONE	NONE	name	LOC.mount
what mountains lie between the arkansas and missouri rivers ?	WHNP	what	NNS	mountains	mountains	LOC.mount
what was the highest mountain on earth before mount everest was discovered ?	WHNP	what	NONE	NONE	mountain	LOC.mount
what is the highest peak in africa ?	WHNP	what	NONE	NONE	peak	LOC.mount
where do people mountain climb in nepal ?	WHADVP	where	NONE	NONE	people mountain	LOC.mount
what is the highest mountain in the world ?	WHNP	what	NONE	NONE	mountain	LOC.mount
what mountain range is traversed by the highest railroad in the world ?	WHNP	what	NN	mountain range	mountain range	LOC.mount
what films featured the character popeye doyle ?	WHNP	what	NNS	films	films	ENTY.cremat
what j.r.r. tolkien book features bilbo baggins as the central character ?	WHNP	what	ADJP	j.r.r. book	book	ENTY.cremat
what 's the only work by michelangelo that bears his signature ?	WHNP	what	NONE	NONE	work	ENTY.cremat
in what medium is stuart hamblen considered to be the first singing cowboy ?	WHPP	in	WHNP	what	stuart hamblen	ENTY.cremat
what novel inspired the movie bladerunner ?	WHNP	what	NN	novel	novel	ENTY.cremat
what is a film starring jude law ?	WHNP	what	NONE	NONE	film	ENTY.cremat
what broadway musical was inspired by cervantes 's don quixote ?	WHNP	what	ADJP	broadway musical	musical	ENTY.cremat
what album put the beatles on the cover of time in 1967 ?	WHNP	what	NN	album	album	ENTY.cremat
what poem contains the line , `` grow old with me the best is yet to be '' .	WHNP	what	NN	poem	poem	ENTY.cremat
on what t.v. show could tom terrific be found ?	WHPP	on	WHNP	what	tom	ENTY.cremat
what tv game show once saw a contestant admit to picking his toes in the shower ?	WHNP	what	JJ	tv game show		ENTY.cremat
what cbs soap opera was interrupted by the bulletin of john f. kennedy 's assassination ?	WHNP	what	NONE	NONE	soap opera	ENTY.cremat
what film did lee marvin win the 1965 best actor oscar for ?	WHNP	what	NN	film	lee marvin	ENTY.cremat
what is the longest-running television series ?	WHNP	what	NONE	NONE	television series	ENTY.cremat
what movie tour of the roman empire features the admonition : `` row well and live '' ?	WHNP	what	NN	movie tour	movie tour	ENTY.cremat
what song served as the closing theme of the johnny cash show ?	WHNP	what	NN	song	song	ENTY.cremat
what film marked robert redford 's directorial debut ?	WHNP	what	NN	film	film	ENTY.cremat
what film or films has jude law appeared in ?	WHNP	what	NP	film	law	ENTY.cremat
what children 's tale contains the line : `` come , cinderslut , and hold this skein of wool for me '' ?	WHNP	what	NP	children tale	tale	ENTY.cremat
what movie did madilyn kahn star in with gene wilder ?	WHNP	what	NN	movie	madilyn kahn	ENTY.cremat
what is the jewish bible called ?	WHNP	what	NONE	NONE	bible	ENTY.cremat
what was the name of the sitcom that alyssa milano starred in with tony danza ?	WHNP	what	NONE	NONE	name	ENTY.cremat
what vladimir nabokov novel features professor humbert in love with a 12-year-old girl ?	WHNP	what	ADJP	vladimir novel	novel	ENTY.cremat
what was the name of that popular song the creeps sang ?	WHNP	what	NONE	NONE	name	ENTY.cremat
what did shostakovich write for rostropovich ?	WHNP	what	NONE	NONE	shostakovich	ENTY.cremat
what was the name of the movie that starred sharon stone and arnold schwarzenegger ?	WHNP	what	NONE	NONE	name	ENTY.cremat
what kind of books does fodor 's publish ?	WHNP	what	NN	kind	fodor	ENTY.cremat
what judith rossner novel was made into a film starring diane keaton ?	WHNP	what	ADJP	judith novel	novel	ENTY.cremat
what 2 statues did france give to other countries ?	WHNP	what	CD	2 statues	france	ENTY.cremat
what are the shortest and the longest songs ever produced ?	WHNP	what	NONE	NONE	shortest	ENTY.cremat
what was mel gibson 's first movie ?	WHNP	what	NONE	NONE	movie	ENTY.cremat
what was connecticut 's first constitution called ?	WHNP	what	NONE	NONE	constitution	ENTY.cremat
what were popular songs and types of songs in the 1920s ?	WHNP	what	NONE	NONE	songs	ENTY.cremat
what boris pasternak book sold 5 , 0 copies to become the fiction best-seller of 1958 ?	WHNP	what	NONE	NONE	what	ENTY.cremat
what was the top box office movie in april 1998 ?	WHNP	what	NONE	NONE	box office movie	ENTY.cremat
what 1966 boob tube bomb took astronauts back to prehistoric times ?	WHNP	what	CD	1966 boob tube bomb	boob tube bomb	ENTY.cremat
why do heavier objects travel downhill faster ?	WHADVP	why	NONE	NONE	objects	DESC.reason
why do people get calluses ?	WHADVP	why	NONE	NONE	people	DESC.reason
what are cushman and wakefield known for ?	WHNP	what	NONE	NONE	cushman	DESC.reason
what causes the body to shiver in cold temperatures ?	WHNP	what	NONE	NONE	what	DESC.reason
why do some clothing labels say `` use a nonchlorine bleach '' ?	WHADVP	why	NONE	NONE	clothing labels	DESC.reason
why do horseshoes bring luck ?	WHADVP	why	NONE	NONE	horseshoes	DESC.reason
what causes pneumonia ?	WHNP	what	NONE	NONE	what	DESC.reason
what makes hamburgers taste like steakburgers ?	WHNP	what	NONE	NONE	what	DESC.reason
what is betsy ross famous for ?	WHNP	what	NONE	NONE	ross	DESC.reason
what caused harry houdini 's death ?	WHNP	what	NONE	NONE	what	DESC.reason
why is poop sometimes different colors ?	WHADVP	why	NONE	NONE	poop	DESC.reason
what causes the redness in your cheeks when you blush ?	WHNP	what	NONE	NONE	what	DESC.reason
what is the function of ram ?	WHNP	what	NONE	NONE	function	DESC.reason
what is jane goodall known for ?	WHNP	what	NONE	NONE	goodall	DESC.reason
what function does a community 's water tower serve ?	WHNP	what	NN	function	water tower	DESC.reason
why doesn 't www.answers.com have any answers to my questions ?	WHADVP	why	NONE	NONE	t www.answers.com	DESC.reason
what 's nature 's purpose for tornadoes ?	WHNP	what	NONE	NONE	purpose	DESC.reason
what makes popcorn pop ?	WHNP	what	NONE	NONE	what	DESC.reason
what caused the lynmouth floods ?	WHNP	what	NONE	NONE	what	DESC.reason
why is the grass green ?	WHADVP	why	NONE	NONE	grass	DESC.reason
what makes a clitoris sensitive ?	WHNP	what	NONE	NONE	what	DESC.reason
why are the ears your center of balance ?	WHADVP	why	NONE	NONE	ears	DESC.reason
why did several san diego schools stop serving apples to students ?	WHADVP	why	NONE	NONE	diego schools	DESC.reason
what makes a tornado turn ?	WHNP	what	NONE	NONE	what	DESC.reason
why do n't you guys have some sort of contest where you ask a question and whoever finds the answers wins a prize ?	WHADVP	why	NONE	NONE	guys	DESC.reason
why is black the color of mourning in the west ?	WHADVP	why	NONE	NONE	color	DESC.reason
why was the l.a. office of shea and gould closed ?	WHADVP	why	NONE	NONE	l.a. office	DESC.reason
why did the chicken cross the road ?	WHADVP	why	NONE	NONE	chicken	DESC.reason
what was the claim to fame of king camp gillette ?	WHNP	what	NONE	NONE	claim	DESC.reason
what is colin powell best known for ?	WHNP	what	NONE	NONE	colin powell	DESC.reason
what is the purpose of a car bra ?	WHNP	what	NONE	NONE	purpose	DESC.reason
what is d.b. cooper known for ?	WHNP	what	NONE	NONE	d.b. cooper	DESC.reason
why were people recruited for the vietnam war ?	WHADVP	why	NONE	NONE	people	DESC.reason
why are electric cars less efficient in the northeast than in california ?	WHADVP	why	NONE	NONE	cars	DESC.reason
why were the american soldiers in wwi called `` doughboys ''	WHADVP	why	NONE	NONE	american soldiers	DESC.reason
what makes thunder ?	WHNP	what	NONE	NONE	what	DESC.reason
why did the world enter a global depression in 1929 ?	WHADVP	why	NONE	NONE	world	DESC.reason
what is black hills , south dakota most famous for ?	WHNP	what	NONE	NONE	hills	DESC.reason
what part of your body contains the corpus callosum ?	WHNP	what	NN	part	part	ENTY.body
what 's the colored part of the eye called ?	WHNP	what	NONE	NONE	part	ENTY.body
what dangles over the tongue from the palate ?	WHNP	what	NONE	NONE	what	ENTY.body
where does your hair grow the fastest ?	WHADVP	where	NONE	NONE	hair	ENTY.body
what is the only gland in humans that can regenerate itself ?	WHNP	what	NONE	NONE	gland	ENTY.body
what country do the galapagos islands belong to ?	WHNP	what	NN	country	islands	LOC.country
what country 's capital is tirana ?	WHNP	what	NN	country 's	tirana	LOC.country
what country did the nazis occupy for 1 , cd nns in nnp nnp nnp .	WHNP	what	NN	country	nazis	LOC.country
what country did king wenceslas rule ?	WHNP	what	NN	country	king wenceslas	LOC.country
what country 's national passenger rail system is called via ?	WHNP	what	NN	country 's		LOC.country
what two south american countries do n't border brazil ?	WHNP	what	CD	two south countries	border	LOC.country
what country contains africa 's northernmost point ?	WHNP	what	NN	country	country	LOC.country
what countries have the largest areas of forest ?	WHNP	what	NNS	countries	countries	LOC.country
what two european countries entered the war of american independence against the british ?	WHNP	what	CD	two european countries	countries	LOC.country
what european country is home to the beer-producing city of budweis ?	WHNP	what	ADJP	european country	home	LOC.country
what country 's people are the top television watchers ?	WHNP	what	NN	country 's	television watchers	LOC.country
what country did king gustav v reign over from 197 to 195 ?	WHNP	what	NN	country	king gustav v	LOC.country
what country has the largest sheep population ?	WHNP	what	NN	country	country	LOC.country
what country is the world 's largest importer of cognac ?	WHNP	what	NN	country	importer	LOC.country
what country has the most time zones , with 11 ?	WHNP	what	NN	country	country	LOC.country
what are the nordic nations ?	WHNP	what	NONE	NONE	nations	LOC.country
what was the only country you were allowed to drive into israel from in 1979 ?	WHNP	what	NONE	NONE	country	LOC.country
which is the wealthiest country in the world ?	WHNP	which	NONE	NONE	country	LOC.country
which country is australia 's largest export market ?	WHNP	which	NN	country	export market	LOC.country
what asian country has a bill of rights for cows ?	WHNP	what	ADJP	asian country	country	LOC.country
what is the smallest country in africa ?	WHNP	what	NONE	NONE	country	LOC.country
what are the benelux countries ?	WHNP	what	NONE	NONE	countries	LOC.country
what is stefan edberg 's native country ?	WHNP	what	NONE	NONE	country	LOC.country
what country are godiva chocolates from ?	WHNP	what	NN	country	country	LOC.country
what country did the nile river originate in ?	WHNP	what	NN	country	river	LOC.country
what country has the best defensive position in the board game diplomacy ?	WHNP	what	NN	country	country	LOC.country
what two countries share the khyber pass ?	WHNP	what	CD	two countries	countries	LOC.country
what 's the term for a young fox ?	WHNP	what	NONE	NONE	term	ENTY.termeq
what 's the common name for acetylsalicylic acid ?	WHNP	what	NONE	NONE	name	ENTY.termeq
what is a ball that hits the foul pole called ?	WHNP	what	NONE	NONE	ball	ENTY.termeq
what do italians call florence ?	WHNP	what	NONE	NONE	italians	ENTY.termeq
what 's the term for a bet before cards are dealt ?	WHNP	what	NONE	NONE	term	ENTY.termeq
what is latin for incompetent ?	WHNP	what	NONE	NONE	latin	ENTY.termeq
how do you say `` fresh '' in spanish ?	WHADVP	how	NONE	NONE	you	ENTY.termeq
what then-derogatory term was applied to the painters monet , sisley , pissarro , renoir and degas ?	WHNP	what	JJ	then-derogatory term	term	ENTY.termeq
how do you say i love you in spanish ?	WHADVP	how	NONE	NONE	you	ENTY.termeq
what is the belt of low pressure around the equator called ?	WHNP	what	NONE	NONE	belt	ENTY.termeq
what 's the literary term for a play on words ?	WHNP	what	NONE	NONE	term	ENTY.termeq
how do you say 2 in latin ?	WHADVP	how	NONE	NONE	you	ENTY.termeq
what other name were the `` little rascals '' known as ?	WHNP	what	JJ	other name	rascals	ENTY.termeq
what is the dialogue circle in cartoons called ?	WHNP	what	NONE	NONE	dialogue circle	ENTY.termeq
what team did baseball 's st. louis browns become ?	WHNP	what	NN	team	st. louis browns	HUM.gr
which company that manufactures video-game hardware sells the `` super system '' ?	WHNP	which	NN	company	company	HUM.gr
what isps exist in the caribbean ?	WHNP	what	NONE	NONE	isps	HUM.gr
what company 's logo is a `` w '' in a circle ?	WHNP	what	NN	company 's	w	HUM.gr
what piano company claims its product is the `` instrument of the immortals '' ?	WHNP	what	NN	piano company	piano company	HUM.gr
who produces spumante ?	WHNP	who	NONE	NONE	who	HUM.gr
which japanese car maker had its biggest percentage of sale in the domestic market ?	WHNP	which	NP	japanese	car	HUM.gr
what indian tribe is f troop perpetually doing battle with ?	WHNP	what	ADJP	indian tribe	troop	HUM.gr
which ventura county police department seized the largest cocaine shipment in it 's history ?	WHNP	which	ADJP	ventura county	police department	HUM.gr
which company created the internet browser mosaic ?	WHNP	which	NN	company	company	HUM.gr
what organization 's offices were broken into at watergate in 1972 ?	WHNP	what	NN	organization 's	offices	HUM.gr
what schools in the washington , dc nn nn vbp nn nn nn nn .	WHNP	what	NNS	schools		HUM.gr
what toy company is the world 's no.1 maker of female apparel ?	WHNP	what	NN	toy company	no. maker	HUM.gr
who has won the most super bowls ?	WHNP	who	NONE	NONE	who	HUM.gr
what company tabulates the ballots in voting for the academy awards ?	WHNP	what	NN	company	company	HUM.gr
who is the leading competitor of trans union company ?	WHNP	who	NONE	NONE	competitor	HUM.gr
who are the challengers of the unknown ?	WHNP	who	NONE	NONE	challengers	HUM.gr
what polynesian people inhabit new zealand ?	WHNP	what	NONE	NONE	polynesian people	HUM.gr
what level of government or governmental agency is responsible for dealing with racism ?	WHNP	what	NN	level		HUM.gr
what stereo manufacturer is `` slightly ahead of its time '' ?	WHNP	what	NN	stereo manufacturer		HUM.gr
which oil company almost picked a word that meant `` stalled car '' in japanese as its new international name ?	WHNP	which	NN	oil company	oil company	HUM.gr
what is the best college in the country ?	WHNP	what	NONE	NONE	college	HUM.gr
what army was founded by william booth and his wife catherine ?	WHNP	what	NN	army	army	HUM.gr
what was the name of the 187s irish terrorist group in pennsylvania mining areas ?	WHNP	what	NONE	NONE	name	HUM.gr
whom did the chicago bulls beat in the 1993 championship ?	WHNP	whom	NONE	NONE	chicago bulls	HUM.gr
what college produced the most winning super bowl quarterbacks ?	WHNP	what	NN	college	college	HUM.gr
what new middle school was built in philadelphia , pennsylvania last year ?	WHNP	what	JJ	new middle school	school	HUM.gr
what party was winston churchill a member of ?	WHNP	what	NN	party	winston churchill	HUM.gr
what american league baseball team 's worst finish between 1926 and 1964 was fourth ?	WHNP	what	NONE	NONE	what	HUM.gr
what organization was founded by the rev. jerry falwell ?	WHNP	what	NN	organization	organization	HUM.gr
what company is being bought by yahoo and how much is the deal worth ?	WHNP	what	NN	company	company	HUM.gr
what 's the second-most-used vowel in english ?	WHNP	what	NONE	NONE	vowel	ENTY.letter
what letter is to the right of k on a typewriter keyboard ?	WHNP	what	NN	letter	letter	ENTY.letter
which two products use a tiger as their symbol ?	WHNP	which	CD	two products	products	ENTY.product
what product did robert conrad dare people to knock off his shoulder ?	WHNP	what	NN	product	robert conrad	ENTY.product
what product does `` mrs. olsen '' promote ?	WHNP	what	NN	product	mrs. olsen	ENTY.product
what product on the market is good for hiding facial scars ?	WHNP	what	NN	product		ENTY.product
what is the most advanced handheld calculator in the world ?	WHNP	what	NONE	NONE	calculator	ENTY.product
which hair care product told us `` hate that gray , wash it away '' ?	WHNP	which	NN	hair care product	hair care product	ENTY.product
what soap was touted as being `` for people who like people '' ?	WHNP	what	NN	soap	soap	ENTY.product
what instrument is ray charles best known for playing ?	WHNP	what	NN	instrument	ray charles	ENTY.instru
what musical instrument did prewitt play in james jones 's from here to eternity ?	WHNP	what	JJ	musical instrument	prewitt	ENTY.instru
what fowl grabs the spotlight after the chinese year of the monkey ?	WHNP	what	NN	fowl	fowl	ENTY.animal
what relative of the racoon is sometimes known as the cat-bear ?	WHNP	what	NN	relative	relative	ENTY.animal
what was the first domesticated bird ?	WHNP	what	NONE	NONE	bird	ENTY.animal
what kind of animals were in the paleozoic era ?	WHNP	what	NN	kind	kind	ENTY.animal
what is a female rabbit called ?	WHNP	what	NONE	NONE	rabbit	ENTY.animal
what is the largest snake in the world ?	WHNP	what	NONE	NONE	snake	ENTY.animal
what hollywood dog died in the arms of jean harlow in 1932 ?	WHNP	what	ADJP	hollywood dog	dog	ENTY.animal
what was the name of the `` little rascals '' dog ?	WHNP	what	NONE	NONE	name	ENTY.animal
which mosquito 's bite draws blood , dt nn cc dt nn .	WHNP	which	NONE	NONE	dt nn cc	ENTY.animal
what 's the official animal of canada ?	WHNP	what	NONE	NONE	animal	ENTY.animal
what animal has the biggest eyes ?	WHNP	what	NN	animal	animal	ENTY.animal
which came first , according to genesis 1 : 2 : 22 - the chicken or the egg ?	WHNP	which	NONE	NONE	which	ENTY.animal
what creature scares people in the film `` jaws '' ?	WHNP	what	NN	creature	creature	ENTY.animal
what is dudley do-right 's horse 's name ?	WHNP	what	NONE	NONE	name	ENTY.animal
what predators exist on antarctica ?	WHNP	what	NNS	predators	predators	ENTY.animal
what kind of animal is babar ?	WHNP	what	NN	kind	babar	ENTY.animal
what was the name of betty boop 's dog ?	WHNP	what	NONE	NONE	name	ENTY.animal
what animal has killed the most people ?	WHNP	what	NN	animal	animal	ENTY.animal
what is `` the bear of beers '' ?	WHNP	what	NONE	NONE	bear	ENTY.animal
what animals do you find in the stock market ?	WHNP	what	NNS	animals	you	ENTY.animal
what kind of animals are dorsets , lincolns , oxfords and southdowns ?	WHNP	what	NN	kind	dorsets	ENTY.animal
what do you call a group of geese ?	WHNP	what	NONE	NONE	you	ENTY.animal
what horse did zorro ride ?	WHNP	what	NN	horse	zorro	ENTY.animal
what was the name of the orca that died of a fungal infection ?	WHNP	what	NONE	NONE	name	ENTY.animal
what is mississippi 's state animal ?	WHNP	what	NONE	NONE	state animal	ENTY.animal
what species is a colt ?	WHNP	what	NN	species	colt	ENTY.animal
which killer whale died at sea world of a fungal infection ?	WHNP	which	JJ	killer whale	whale	ENTY.animal
what breed of dog was the `` little rascals '' dog ?	WHNP	what	NN	breed	rascals dog	ENTY.animal
what mammal of north america is the world 's longest-lived for its size ?	WHNP	what	NN	mammal	longest-lived	ENTY.animal
what are the most common breeding birds in the u.s. ?	WHNP	what	NONE	NONE	breeding birds	ENTY.animal
what sprawling u.s. state boasts the most airports ?	WHNP	what	NONE	NONE	u.s. state	LOC.state
which two states enclose chesapeake bay ?	WHNP	which	CD	two states	states	LOC.state
what u.s. state lived under six flags ?	WHNP	what	ADJP	u.s. state	state	LOC.state
what is the nickname for the state of mississippi ?	WHNP	what	NONE	NONE	nickname	LOC.state
what u.s. state is fort knox in ?	WHNP	what	ADJP	u.s. state	state	LOC.state
what state is john f. kennedy buried in ?	WHNP	what	NN	state	john f.	LOC.state
what u.s. state has an element named for it ?	WHNP	what	ADJP	u.s. state	element	LOC.state
in what u.s. state was the first woman governor elected ?	WHPP	in	WHNP	what	woman governor	LOC.state
what u.s. state borders illinois to the north ?	WHNP	what	NONE	NONE	what	LOC.state
what is the leading pecan and peanut growing state ?	WHNP	what	NONE	NONE	state	LOC.state
what state does martha stewart live in ?	WHNP	what	NN	state	martha stewart	LOC.state
what state in the u.s. has the most blacks ?	WHNP	what	NN	state	state	LOC.state
what u.s. state records the least rainfall ?	WHNP	what	ADJP	u.s. state	state	LOC.state
what is the state nickname of mississippi ?	WHNP	what	NONE	NONE	state nickname	LOC.state
what is the speed of the mississippi river ?	WHNP	what	NONE	NONE	speed	NUM.speed
what is the speed of the mississippi river ?	WHNP	what	NONE	NONE	speed	NUM.speed
what is the speed of the mississippi river ?	WHNP	what	NONE	NONE	speed	NUM.speed
how fast is light ?	WHADJP	how	JJ	fast	light	NUM.speed
how fast does the fastest car go ?	WHADJP	how	JJ	fast	car	NUM.speed
what 's the only color johnny cash wears on stage ?	WHNP	what	NONE	NONE	color johnny cash	ENTY.color
what color bottles do good rhine wines come in ?	WHNP	what	NN	color bottles	wines	ENTY.color
what are halloween 's colors ?	WHNP	what	NONE	NONE	colors	ENTY.color
what color of dry wine should be served with veal roasts and chops ?	WHNP	what	NN	color	color	ENTY.color
what two colors are you blind to if you suffer from protanopia ?	WHNP	what	CD	two colors	you	ENTY.color
what color were their horses ?	WHNP	what	NN	color	horses	ENTY.color
what color are school buses ?	WHNP	what	NN	color	school buses	ENTY.color
what color are tennis balls ?	WHNP	what	NN	color	tennis balls	ENTY.color
how long does it take for your blood to make one complete trip through the body ?	WHNP	how	RB	long	it	NUM.period
how long does it take for spider-man 's web to evaporate ?	WHNP	how	RB	long	it	NUM.period
how long should a person wash their hands before they are clean ?	WHNP	how	RB	long	person	NUM.period
what is the telephone number for the university of kentucky ?	WHNP	what	NONE	NONE	telephone number	NUM.code
what chapter of the bible has the most verses ?	WHNP	what	NN	chapter	chapter	NUM.ord
what 's the most commonly-spoken language in belgium ?	WHNP	what	NONE	NONE	language	ENTY.lang
what are the two languages of malta ?	WHNP	what	NONE	NONE	languages	ENTY.lang
what language is mostly spoken in brazil ?	WHNP	what	NN	language	language	ENTY.lang
what is a language spoken by the sioux ?	WHNP	what	NONE	NONE	language	ENTY.lang
what is the oldest profession ?	WHNP	what	NONE	NONE	profession	HUM.title
what is the occupation of nicholas cage ?	WHNP	what	NONE	NONE	occupation	HUM.title
what was queen victoria 's title regarding india ?	WHNP	what	NONE	NONE	queen victoria	HUM.title
what is her profession ?	WHNP	what	NONE	NONE	profession	HUM.title
what was the occupation of mandy rice-davies ?	WHNP	what	NONE	NONE	occupation	HUM.title
when was ozzy osbourne born ?	WHADVP	when	NONE	NONE	osbourne	NUM.date
what is the date of boxing day ?	WHNP	what	NONE	NONE	date	NUM.date
when did the neanderthal man live ?	WHADVP	when	NONE	NONE	man	NUM.date
in which year was new zealand excluded from the anzus alliance ?	WHPP	in	WHNP	which	zealand	NUM.date
when did cnn begin broadcasting ?	WHADVP	when	NONE	NONE	cnn	NUM.date
when did rococo painting and architecture flourish ?	WHADVP	when	NONE	NONE	rococo painting	NUM.date
when did the bounty mutiny take place ?	WHADVP	when	NONE	NONE	bounty mutiny	NUM.date
what is the busiest air travel season ?	WHNP	what	NONE	NONE	air travel season	NUM.date
in what year did thatcher become prime minister ?	WHPP	in	WHNP	what	thatcher	NUM.date
in what year was de gaulle elected president of france ?	WHPP	in	WHNP	what	de gaulle	NUM.date
what are the three winter months in the southern hemisphere ?	WHNP	what	NONE	NONE	winter months	NUM.date
when was the first wall street journal published ?	WHADVP	when	NONE	NONE	wall street journal	NUM.date
when did the royal wedding of prince andrew and fergie take place ?	WHADVP	when	NONE	NONE	wedding	NUM.date
when did beethoven die ?	WHADVP	when	NONE	NONE	beethoven	NUM.date
when was the first steel mill in the united states built ?	WHADVP	when	NONE	NONE	steel mill	NUM.date
when did the berlin wall go up ?	WHADVP	when	NONE	NONE	berlin wall	NUM.date
when did mount st. helen last have a significant eruption ?	WHADVP	when	NONE	NONE	mount st. helen	NUM.date
when did world war i start ?	WHADVP	when	NONE	NONE	world war	NUM.date
when is boxing day ?	WHADVP	when	NONE	NONE	boxing day	NUM.date
when was the battle of the somme fought ?	WHADVP	when	NONE	NONE	battle	NUM.date
when did spielberg direct `` jaws '' ?	WHADVP	when	NONE	NONE	spielberg	NUM.date
what day was pearl harbor attacked in 1942 ?	WHNP	what	NN	day	pearl harbor	NUM.date
what year did jack nicklaus join the professional golfers association tour ?	WHNP	what	NN	year	jack nicklaus	NUM.date
what time of day did emperor hirohito die ?	WHNP	what	NN	time	emperor hirohito	NUM.date
when was the women 's suffrage amendment ratified ?	WHADVP	when	NONE	NONE	suffrage amendment	NUM.date
what year did hitler die ?	WHNP	what	NN	year	hitler	NUM.date
when does the average teenager first have intercourse ?	WHADVP	when	NONE	NONE	teenager	NUM.date
when is the tulip festival in michigan ?	WHADVP	when	NONE	NONE	tulip festival	NUM.date
when did cnn go on the air ?	WHADVP	when	NONE	NONE	cnn	NUM.date
when was the battle of hastings ?	WHADVP	when	NONE	NONE	battle	NUM.date
when did muhammad live ?	WHADVP	when	NONE	NONE	muhammad	NUM.date
when is the site www.questions.com going to open ?	WHADVP	when	NONE	NONE	site www.questions.com	NUM.date
when is bastille day ?	WHADVP	when	NONE	NONE	day	NUM.date
what day of the week sees the most fatal car accidents ?	WHNP	what	NN	day	day	NUM.date
when was the first american encyclopedia published ?	WHADVP	when	NONE	NONE	american encyclopedia	NUM.date
what year did the united states pass the copyright law ?	WHNP	what	NN	year	states	NUM.date
what 's the first day of the week ?	WHNP	what	NONE	NONE	day	NUM.date
when was hurricane hugo ?	WHADVP	when	NONE	NONE	hurricane hugo	NUM.date
when was `` the great depression '' ?	WHADVP	when	NONE	NONE		NUM.date
in what year did ireland elect its first woman president ?	WHPP	in	WHNP	what	ireland	NUM.date
when did the dow first reach ?	WHADVP	when	NONE	NONE	dow	NUM.date
when was the san francisco fire ?	WHADVP	when	NONE	NONE	san francisco fire	NUM.date
what year did the vietnam war end ?	WHNP	what	NN	year	vietnam war	NUM.date
when was berlin 's brandenburg gate erected ?	WHADVP	when	NONE	NONE	gate	NUM.date
what year did germany sign its nonaggression pact with the soviet union ?	WHNP	what	NN	year	germany	NUM.date
when are sheep shorn ?	WHADVP	when	NONE	NONE	sheep shorn	NUM.date
what century does captain video live in ?	WHNP	what	NN	century	captain video	NUM.date
in what religion was isis the nature goddess ?	WHPP	in	WHNP	what	isis	ENTY.religion
what is the full form of .com ?	WHNP	what	NONE	NONE	form	ABBR.exp
what does the abbreviation aids stand for ?	WHNP	what	NONE	NONE	abbreviation aids	ABBR.exp
what does inri stand for when used on jesus ' cross ?	WHNP	what	NONE	NONE	inri	ABBR.exp
what does s.o.s. stand for ?	WHNP	what	NONE	NONE	s.o.s.	ABBR.exp
what does ` psi ' stand for ?	WHNP	what	NONE	NONE	psi	ABBR.exp
what does nasdaq stand for ?	WHNP	what	NONE	NONE	nasdaq	ABBR.exp
what is bph ?	WHNP	what	NONE	NONE	bph	ABBR.exp
what does g.m.t. stand for ?	WHNP	what	NONE	NONE	g.m.t.	ABBR.exp
what does sids stand for ?	WHNP	what	NONE	NONE	sids	ABBR.exp
when reading classified ads , what does eenty : other stand for ?	WHADVP	when	NONE	NONE	eenty	ABBR.exp
what does nafta stand for ?	WHNP	what	NONE	NONE	nafta	ABBR.exp
what is the full name of the plo ?	WHNP	what	NONE	NONE	name	ABBR.exp
what does the word laser mean ?	WHNP	what	NONE	NONE	word laser	ABBR.exp
what does nn o `` mean when used as a prefix in irish surnames ?	WHNP	what	NONE	NONE	nn o	ABBR.exp
what sign is the water carrier the zodiacal symbol for ?	WHNP	what	NN	sign	sign	ENTY.symbol
what is the highest waterfall in the united states ?	WHNP	what	NONE	NONE	waterfall	LOC.other
where do the adventures of `` the swiss family robinson '' take place ?	WHADVP	where	NONE	NONE	adventures	LOC.other
where is the loop ?	WHADVP	where	NONE	NONE	loop	LOC.other
what are the names of the tourist attractions in reims ?	WHNP	what	NONE	NONE	names	LOC.other
what body of water does the danube river flow into ?	WHNP	what	NN	body	river	LOC.other
where does barney rubble go to work after he drops fred off in the `` flintstones '' cartoon series ?	WHADVP	where	NONE	NONE	rubble	LOC.other
what are the world 's four oceans ?	WHNP	what	NONE	NONE	oceans	LOC.other
where on the internet can i find a song lyrics database similar to the international lyrics server ?	WHADVP	where	PP	on	i	LOC.other
where can i find a list of `` classic '' books 5th and 6th graders should read ?	WHADVP	where	NONE	NONE	i	LOC.other
where is the orinoco ?	WHADVP	where	NONE	NONE	orinoco	LOC.other
where is the rose bowl played ?	WHADVP	where	NONE	NONE	the	LOC.other
what sun-blasted , 14-mile wide valley is just north of the mojave desert ?	WHNP	what	ADJP	sun-blasted valley	north	LOC.other
where are the 49 steps ?	WHADVP	where	NONE	NONE	steps	LOC.other
where can i find pictorial directions on how to build a very simple treehouse ?	WHADVP	where	NONE	NONE	i	LOC.other
where is the kalahari desert ?	WHADVP	where	NONE	NONE	desert	LOC.other
where can i find a review of nightmare on elm street in a film journal ?	WHADVP	where	NONE	NONE	i	LOC.other
where was george washington born ?	WHADVP	where	NONE	NONE	washington	LOC.other
what las vegas hotel burned in november , 1980 , with the loss of 84 lives ?	WHNP	what	NONE	NONE	what	LOC.other
where was christopher columbus born ?	WHADVP	where	NONE	NONE	christopher columbus	LOC.other
what sea did the romans call mare nostrum ?	WHNP	what	NN	sea	romans	LOC.other
what stadium do the miami dolphins play their home games in ?	WHNP	what	NN	stadium	dolphins	LOC.other
what is the deepest area of the arctic ocean ?	WHNP	what	NONE	NONE	area	LOC.other
where can i find a `` fifth element '' screensaver ?	WHADVP	where	NONE	NONE	i	LOC.other
what is answers.com 's address ?	WHNP	what	NONE	NONE	address	LOC.other
where can i buy movies on videotape online ?	WHADVP	where	NONE	NONE	i	LOC.other
what ocean is the largest in the world ?	WHNP	what	NN	ocean	largest	LOC.other
where does chocolate come from ?	WHADVP	where	NONE	NONE	chocolate	LOC.other
where can i find a case on individuals with disabilities education act of 1991 ?	WHADVP	where	NONE	NONE	i	LOC.other
what 's the closest g2 spectrum yellow dwarf to earth ?	WHNP	what	NONE	NONE	g2 spectrum	LOC.other
where is basque country located ?	WHADVP	where	NONE	NONE	country	LOC.other
where was the ligurian republic , 1797-185 , ?	WHADVP	where	NONE	NONE	ligurian republic	LOC.other
where must a soccer goalie stand to be permitted to handle the ball ?	WHADVP	where	NONE	NONE	soccer goalie	LOC.other
where is procter & gamble headquartered in the u.s. ?	WHADVP	where	NONE	NONE	procter gamble headquartered	LOC.other
what desert has been called the garden of allah ?	WHNP	what	NN	desert	desert	LOC.other
where 's the 19th hole on a golf course ?	WHADVP	where	NONE	NONE	hole	LOC.other
where can i find a person 's address from a telephone number ?	WHADVP	where	NONE	NONE	i	LOC.other
where did sarge steel get his metal hand ?	WHADVP	where	NONE	NONE	steel	LOC.other
in what area of the world was the six day war fought ?	WHPP	in	WHNP	what	day war	LOC.other
what is the brightest star visible from earth ?	WHNP	what	NONE	NONE	star	LOC.other
where do hyenas live ?	WHADVP	where	NONE	NONE	hyenas	LOC.other
where can i find out the top 1 singles ?	WHADVP	where	NONE	NONE	i	LOC.other
what was known as the spice island ?	WHNP	what	NONE	NONE	what	LOC.other
where can stocks be traded on-line ?	WHADVP	where	NONE	NONE	stocks	LOC.other
where on the internet can i get information about the fifth amendment on the american bill of rights ?	WHADVP	where	PP	on	i	LOC.other
where did the myth of santa claus originate ?	WHADVP	where	NONE	NONE	myth	LOC.other
what attracts tourists to reims ?	WHNP	what	NONE	NONE	what	LOC.other
where is procter & gamble based in the u.s. ?	WHADVP	where	NONE	NONE	procter	LOC.other
what is the web address of the list of e-mail addresses of members of the house of representatives ?	WHNP	what	NONE	NONE	web address	LOC.other
where is the abominable snowman said to wander ?	WHADVP	where	NONE	NONE	snowman	LOC.other
in what city or state do the most gay men live in ?	WHPP	in	WHNP	what	men	LOC.other
where can i find the best free evidence for debate about russia ?	WHADVP	where	NONE	NONE	i	LOC.other
what is bill gates of microsoft e-mail address ?	WHNP	what	NONE	NONE	bill gates	LOC.other
where is trinidad ?	WHADVP	where	NONE	NONE		LOC.other
what 's the tallest building in new york city ?	WHNP	what	NONE	NONE	building	LOC.other
where can i find information on the narragansett indians and other tribes in rhode island ?	WHADVP	where	NONE	NONE	i	LOC.other
what arch can you see from the place de la concorde ?	WHNP	what	NN	arch	you	LOC.other
which way do you turn your bic to increase the flame - clockwise or counterclockwise ?	WHNP	which	NN	way	you	LOC.other
where is the kentucky horse park located ?	WHADVP	where	NONE	NONE	horse park	LOC.other
where are the tropical rain forest distributions ?	WHADVP	where	NONE	NONE	rain forest distributions	LOC.other
where was lincoln assassinated ?	WHADVP	where	NONE	NONE	lincoln	LOC.other
what county is chicago in ?	WHNP	what	NN	county	county	LOC.other
where is the danube ?	WHADVP	where	NONE	NONE	danube	LOC.other
what is the longest place name in the u.s. ?	WHNP	what	NONE	NONE	place name	LOC.other
where does buzz aldrin want to build a permanent , manned space station ?	WHADVP	where	NONE	NONE	aldrin	LOC.other
where can i find correct tabs for third eye blind songs ?	WHADVP	where	NONE	NONE	i	LOC.other
where is mozambique located ?	WHADVP	where	NONE	NONE	mozambique	LOC.other
where is windsor castle ?	WHADVP	where	NONE	NONE	windsor castle	LOC.other
where can i find the names of all the 15 pokemon ?	WHADVP	where	NONE	NONE	i	LOC.other
where 's the petrified forest ?	WHADVP	where	NONE	NONE	forest	LOC.other
where is tornado alley ?	WHADVP	where	NONE	NONE	tornado alley	LOC.other
what is the oldest website on the internet ?	WHNP	what	NONE	NONE	website	LOC.other
what 's the longest river in the world ?	WHNP	what	NONE	NONE	river	LOC.other
where are the leading medical groups specializing in lung diseases ?	WHADVP	where	NONE	NONE	groups	LOC.other
what 's the sacred river of india ?	WHNP	what	NONE	NONE	river	LOC.other
where can i find information on george bush ?	WHADVP	where	NONE	NONE	i	LOC.other
what 's the second-largest island in the world ?	WHNP	what	NONE	NONE	island	LOC.other
where is logan airport ?	WHADVP	where	NONE	NONE	logan airport	LOC.other
what 's the name of the temple that is located near the capital city of laos ?	WHNP	what	NONE	NONE	name	LOC.other
where is the actress , marion davies , buried ?	WHADVP	where	NONE	NONE	actress	LOC.other
what is the abbreviation for micro ?	WHNP	what	NONE	NONE	abbreviation	ABBR.abb
what is the abbreviation of the company name ` general motors ' ?	WHNP	what	NONE	NONE	abbreviation	ABBR.abb
what is the abbreviated expression for the national bureau of investigation ?	WHNP	what	NONE	NONE	expression	ABBR.abb
what was einstein 's iq ?	WHNP	what	NONE	NONE	iq	NUM.other
what is the latitude and longitude of el paso , texas ?	WHNP	what	NONE	NONE	latitude	NUM.other
what is the normal resting heart rate of a healthy adult ?	WHNP	what	NONE	NONE	heart rate	NUM.other
what is the population of ohio ?	WHNP	what	NONE	NONE	population	NUM.other
what is the quantity of american soldiers still unaccounted for from the vietnam war ?	WHNP	what	NONE	NONE	quantity	NUM.other
what was the number of people that randy steven craft was convicted of killing ?	WHNP	what	NONE	NONE	number	NUM.other
what is the student population at the university of massachusetts in amherst ?	WHNP	what	NONE	NONE	student population	NUM.other
how much money does a back injury lawsuit get ?	WHADJP	how	JJ	much	injury lawsuit	NUM.money
how much would it cost to purchase a 2-foot-square party tent , with sides , ?	WHADJP	how	JJ	much	it	NUM.money
how much does a new railroad coal car cost ?	WHADJP	how	JJ	much	railroad coal car	NUM.money
how much money are dumbo 's ears insured for ?	WHADJP	how	JJ	much	ears	NUM.money
how much would a black-and-white 1-cent stamp be worth , thomas jefferson on it , ?	WHADJP	how	JJ	much	stamp	NUM.money
what does an average daycare provider get paid in new england ?	WHNP	what	NONE	NONE	daycare provider	NUM.money
what does an average daycare provider get paid in new england ?	WHNP	what	NONE	NONE	daycare provider	NUM.money
what was the price of varian associates ' vacuum products division ?	WHNP	what	NONE	NONE	price	NUM.money
how much was the minimum wage in 1991 ?	WHADJP	how	JJ	much	wage	NUM.money
what is the average cost for four years of medical school ?	WHNP	what	NONE	NONE	cost	NUM.money
what is the current ticket fare from from cairo to barbados ?	WHNP	what	NONE	NONE	ticket fare	NUM.money
what 's the slowest olympic swimming stroke ?	WHNP	what	NONE	NONE	swimming stroke	ENTY.techmeth
what are other ways of getting stretch marks besides pregnancy , weight loss , and weight lifting ?	WHNP	what	NONE	NONE	ways	ENTY.techmeth
what is the best way to remove wallpaper ?	WHNP	what	NONE	NONE	way	ENTY.techmeth
what are the different approaches of systems analysis ?	WHNP	what	NONE	NONE	approaches	ENTY.techmeth
what golfing accessory was patented by george grant on december 12	WHNP	what	NN	golfing accessory	golfing accessory	ENTY.techmeth
what are some tips for building a fire in a fireplace ?	WHNP	what	NONE	NONE	tips	ENTY.techmeth
what is the temperature for baking peachy oat muffins ?	WHNP	what	NONE	NONE	temperature	NUM.temp
how did serfdom develop in and then leave russia ?	WHADVP	how	NONE	NONE	serfdom	DESC.manner
how can i find a list of celebrities ' real names ?	WHADVP	how	NONE	NONE	i	DESC.manner
how can i register my website in yahoo for free ?	WHADVP	how	NONE	NONE	i	DESC.manner
how do they find or choose witnesses to an execution ?	WHADVP	how	NONE	NONE	they	DESC.manner
how do you ask a total stranger out on a date ?	WHADVP	how	NONE	NONE	you	DESC.manner
how do i make fuel bricks from recycled newspaper ?	WHADVP	how	NONE	NONE	i	DESC.manner
how do i log on to home page at headquarters u.s. european command ?	WHADVP	how	NONE	NONE	i	DESC.manner
how do you make a paintball ?	WHADVP	how	NONE	NONE	you	DESC.manner
how is the election of a new pope announced to the world ?	WHADVP	how	NONE	NONE	election	DESC.manner
how do chickens have baby chicks ?	WHADVP	how	NONE	NONE	chickens	DESC.manner
how was the element calcium named ?	WHADVP	how	NONE	NONE	element calcium	DESC.manner
how you can raise your iq ?	WHADVP	how	NONE	NONE	you	DESC.manner
how do i start a web based business ?	WHADVP	how	NONE	NONE	i	DESC.manner
how did jayne mansfield die ?	WHADVP	how	NONE	NONE	mansfield	DESC.manner
how can i find out which cities have cable-modem access ?	WHADVP	how	NONE	NONE	i	DESC.manner
how do you correctly say the word ` qigong ' ?	WHADVP	how	NONE	NONE	you	DESC.manner
how can i find out what year a beanie baby was introduced ?	WHADVP	how	NONE	NONE	i	DESC.manner
how do i find the balance of my social security account ?	WHADVP	how	NONE	NONE	i	DESC.manner
how do you get to the top of the eiffel tower ?	WHADVP	how	NONE	NONE	you	DESC.manner
how did the tradition of best man start ?	WHADVP	how	NONE	NONE	tradition	DESC.manner
how is silk screening done ?	WHADVP	how	NONE	NONE	silk screening	DESC.manner
how do you match a name to a social security number ?	WHADVP	how	NONE	NONE	you	DESC.manner
how does a rainbow form ?	WHADVP	how	NONE	NONE	rainbow	DESC.manner
how do doctors diagnose bone cancer ?	WHADVP	how	NONE	NONE	doctors	DESC.manner
how successful is arometherapy ?	WHADJP	how	JJ	successful	arometherapy	DESC.manner
how does a copier work ?	WHADVP	how	NONE	NONE	copier	DESC.manner
how is energy created ?	WHADVP	how	NONE	NONE	energy	DESC.manner
how is it correct to say ` qigong ' ?	WHADVP	how	NONE	NONE	it	DESC.manner
how do i tie dye clothes ?	WHADVP	how	NONE	NONE	i	DESC.manner
how do i get another city 's newspaper ?	WHADVP	how	NONE	NONE	i	DESC.manner
how do i stop background noise in a car stereo ?	WHADVP	how	NONE	NONE	i	DESC.manner
how can i get some free technical information on electric vehicle ?	WHADVP	how	NONE	NONE	i	DESC.manner
how did shipyard inspector james j. kilroy designate equipment as being satisfactory ?	WHADVP	how	NONE	NONE	shipyard inspector james j. kilroy	DESC.manner
how is easter sunday 's date determined ?	WHADVP	how	NONE	NONE	date	DESC.manner
how can i find a phone number of someone if i only know their email address ?	WHADVP	how	NONE	NONE	i	DESC.manner
how can you contact play producers and promoters on-line ?	WHADVP	how	NONE	NONE	you	DESC.manner
how is a hydrogen bomb different from a nuclear bomb ?	WHADVP	how	NONE	NONE	hydrogen bomb	DESC.manner
how can i transport files from one computer to another ?	WHADVP	how	NONE	NONE	i	DESC.manner
how is answers.com different from knowpost.com ?	WHADVP	how	NONE	NONE	answers.com	DESC.manner
how do i start a bank ?	WHADVP	how	NONE	NONE	i	DESC.manner
how do ouija boards work ?	WHADVP	how	NONE	NONE	ouija boards	DESC.manner
how do you get a broken cork out of a bottle ?	WHADVP	how	NONE	NONE	you	DESC.manner
how do you determine heating requirements for your home ?	WHADVP	how	NONE	NONE	you	DESC.manner
how do you solve `` rubik 's cube '' ?	WHADVP	how	NONE	NONE	you	DESC.manner
how do fuel injectors work ?	WHADVP	how	NONE	NONE	fuel injectors	DESC.manner
how can your school march in the macy 's thanksgiving parade ?	WHADVP	how	NONE	NONE	school	DESC.manner
how can i find online spelling , and punctuation drills for my 6th grader ?	WHADVP	how	NONE	NONE	i	DESC.manner
how do you find oxidation numbers ?	WHADVP	how	NONE	NONE	you	DESC.manner
how do you look up criminal records on the internet ?	WHADVP	how	NONE	NONE	you	DESC.manner
what are liver enzymes ?	WHNP	what	NONE	NONE	liver enzymes	DESC.def
what is `` nine inch nails '' ?	WHNP	what	NONE	NONE	what	DESC.def
what is an annotated bibliography ?	WHNP	what	NONE	NONE	bibliography	DESC.def
what is ethology ?	WHNP	what	NONE	NONE	ethology	DESC.def
what is the nature of learning ?	WHNP	what	NONE	NONE	nature	DESC.def
what is the kashmir issue ?	WHNP	what	NONE	NONE	kashmir issue	DESC.def
what does `` extended definition '' mean and how would one write a paper on it ?	WHNP	what	NONE	NONE	definition	DESC.def
what is titanium ?	WHNP	what	NONE	NONE	titanium	DESC.def
what is a caldera ?	WHNP	what	NONE	NONE	caldera	DESC.def
what are bear and bull markets ?	WHNP	what	NONE	NONE	bear bull markets	DESC.def
what is `` dew point '' ?	WHNP	what	NONE	NONE	dew point	DESC.def
what is the meaning of jesus ?	WHNP	what	NONE	NONE	meaning	DESC.def
what is the definition of a cascade ?	WHNP	what	NONE	NONE	definition	DESC.def
what does the georgetown `` hoya '' mean ?	WHNP	what	NONE	NONE	georgetown hoya	DESC.def
what is a transistor ?	WHNP	what	NONE	NONE	transistor	DESC.def
what are equity securities ?	WHNP	what	NONE	NONE	equity securities	DESC.def
what is gymnophobia ?	WHNP	what	NONE	NONE	gymnophobia	DESC.def
what is a dental root canal ?	WHNP	what	NONE	NONE	root canal	DESC.def
what are hook worms ?	WHNP	what	NONE	NONE	hook worms	DESC.def
what is the 401 , k , plan ?	WHNP	what	NONE	NONE	plan	DESC.def
what does gringo mean ?	WHNP	what	NONE	NONE	gringo	DESC.def
what is eagle 's syndrome styloid process ?	WHNP	what	NONE	NONE	syndrome styloid process	DESC.def
what is `` snoogans '' ?	WHNP	what	NONE	NONE	snoogans	DESC.def
what is the `` 7-minute cigarette '' ?	WHNP	what	NONE	NONE	cigarette	DESC.def
what is the filmmakers collabrative ?	WHNP	what	NONE	NONE	collabrative	DESC.def
what is the contents of proposition 98 ?	WHNP	what	NONE	NONE	contents	DESC.def
what is paracetamol ?	WHNP	what	NONE	NONE	paracetamol	DESC.def
what 's the meaning of the latin battle cry : ad arma , ad arma .	WHNP	what	NONE	NONE	meaning	DESC.def
what is a canada two-penny black ?	WHNP	what	NONE	NONE	canada	DESC.def
what is the classic definition of tragic hero ?	WHNP	what	NONE	NONE	definition	DESC.def
what is molybdenum ?	WHNP	what	NONE	NONE	molybdenum	DESC.def
what does it mean `` rupee depreciates '' ?	WHNP	what	NONE	NONE	it	DESC.def
what is dry ice ?	WHNP	what	NONE	NONE	ice	DESC.def
what does `` intractable plantar keratoma '' mean ?	WHNP	what	NONE	NONE	keratoma	DESC.def
what does the name billie mean ?	WHNP	what	NONE	NONE	name billie	DESC.def
what does inuit and eskimo mean ?	WHNP	what	NONE	NONE	inuit	DESC.def
what are maid-rites ?	WHNP	what	NONE	NONE	maid-rites	DESC.def
what is a firewall ?	WHNP	what	NONE	NONE	firewall	DESC.def
what is a nanometer ?	WHNP	what	NONE	NONE	nanometer	DESC.def
what does `` janelle '' mean ?	WHNP	what	NONE	NONE	janelle	DESC.def
what is a wop ?	WHNP	what	NONE	NONE	wop	DESC.def
what is viscosity ?	WHNP	what	NONE	NONE	viscosity	DESC.def
what is a green bog ?	WHNP	what	NONE	NONE	bog	DESC.def
what 's an auberge in france ?	WHNP	what	NONE	NONE	auberge	DESC.def
what does the name `` justin '' mean ?	WHNP	what	NONE	NONE	name justin	DESC.def
what is the amish religion ?	WHNP	what	NONE	NONE	religion	DESC.def
what is the `` coppertop '' battery ?	WHNP	what	NONE	NONE	battery	DESC.def
what is color ?	WHNP	what	NONE	NONE	color	DESC.def
what is a jellicle cat ?	WHNP	what	NONE	NONE	cat	DESC.def
what is artificial intelligence ?	WHNP	what	NONE	NONE	intelligence	DESC.def
what is white chocolate ?	WHNP	what	NONE	NONE	chocolate	DESC.def
what does the name gina mean ?	WHNP	what	NONE	NONE	name gina	DESC.def
what are shooting stars ?	WHNP	what	NONE	NONE	what	DESC.def
what are amphibians ?	WHNP	what	NONE	NONE	amphibians	DESC.def
what is bombay duck ?	WHNP	what	NONE	NONE	duck	DESC.def
what is a virtual ip address ?	WHNP	what	NONE	NONE	ip address	DESC.def
what does the latin ante mortem mean ?	WHNP	what	NONE	NONE	ante	DESC.def
what does the name shawn mean ?	WHNP	what	NONE	NONE	name shawn	DESC.def
what is being done about the millennium bug ?	WHNP	what	NONE	NONE	what	DESC.def
what is olestra ?	WHNP	what	NONE	NONE	olestra	DESC.def
what is prepared mustard ?	WHNP	what	NONE	NONE	mustard	DESC.def
what does `` antidisestablishmentarianism '' mean ?	WHNP	what	NONE	NONE	antidisestablishmentarianism	DESC.def
what is measured in curies ?	WHNP	what	NONE	NONE	what	DESC.def
what is the meaning of w.b. yeat 's poem , `` the three hermits ? ''	WHNP	what	NONE	NONE	meaning	DESC.def
what is spumante ?	WHNP	what	NONE	NONE	spumante	DESC.def
what is an isthmus ?	WHNP	what	NONE	NONE	isthmus	DESC.def
what is a certified nurse midwife ?	WHNP	what	NONE	NONE	nurse midwife	DESC.def
what does the name `` anthony '' mean ?	WHNP	what	NONE	NONE	name anthony	DESC.def
what is a rhomboideus minor ?	WHNP	what	NONE	NONE	rhomboideus	DESC.def
what are the seven virtues ?	WHNP	what	NONE	NONE	virtues	DESC.def
what was archy , and mehitabel ?	WHNP	what	NONE	NONE	archy	DESC.def
what is australia day ?	WHNP	what	NONE	NONE	australia day	DESC.def
what was the chivington massacre ?	WHNP	what	NONE	NONE	chivington massacre	DESC.def
what does the word camaro mean , from the gm car the camaro ?	WHNP	what	NONE	NONE	word	DESC.def
what is the aim-54c phoenix ?	WHNP	what	NONE	NONE	phoenix	DESC.def
what is the definition of low island ?	WHNP	what	NONE	NONE	definition	DESC.def
what are the greek numerals ?	WHNP	what	NONE	NONE	greek numerals	DESC.def
what cocktail inspired john doxat to write the book stirred-not shaken ?	WHNP	what	NN	cocktail	cocktail	ENTY.food
what rum is so `` mixable '' it is a one-brand bar ?	WHNP	what	NN	rum		ENTY.food
what did brontosauruses eat ?	WHNP	what	NONE	NONE	brontosauruses	ENTY.food
what crop failure caused the irish famine ?	WHNP	what	NN	crop failure	crop failure	ENTY.food
what beer advertised that it had `` three rings '' ?	WHNP	what	NN	beer	beer	ENTY.food
what cocktail do you concoct with whisky and sweet vermouth ?	WHNP	what	NN	cocktail	you	ENTY.food
what was the first lifesaver flavor ?	WHNP	what	NONE	NONE	lifesaver flavor	ENTY.food
what do you get by adding lactobacillus bulgaricus to milk ?	WHNP	what	NONE	NONE	you	ENTY.food
what do flatfish eat ?	WHNP	what	NONE	NONE	flatfish	ENTY.food
what kind of wine is spumante ?	WHNP	what	NN	kind	spumante	ENTY.food
what type of food makes you fat ?	WHNP	what	NN	type	type	ENTY.food
what is the most heavily caffeinated soft drink ?	WHNP	what	NONE	NONE	drink	ENTY.food
what do manatees eat ?	WHNP	what	NONE	NONE	manatees	ENTY.food
which soft drink does madonna advertise for ?	WHNP	which	JJ	soft drink	madonna	ENTY.food
which condiment was once sold as a patent medicine ?	WHNP	which	NN	condiment	condiment	ENTY.food
what soft drink would provide me with the biggest intake of caffeine ?	WHNP	what	JJ	soft drink	drink	ENTY.food
what game 's board shows the territories of irkutsk , yakutsk and kamchatka ?	WHNP	what	NN	game 's	board	ENTY.sport
what board game does a `` wood-pusher '' play poorly ?	WHNP	what	NN	board game	wood-pusher	ENTY.sport
what field sport did dentist william beers promote and write a standard book of rules for ?	WHNP	what	NN	field sport	dentist william beers	ENTY.sport
what game do steve mcqueen and edward g. robinson play in the cincinnati kid ?	WHNP	what	NN	game	mcqueen	ENTY.sport
what kind of sport is often associated with hooligans ?	WHNP	what	NN	kind	kind	ENTY.sport
what sport do you shag flies in ?	WHNP	what	NN	sport	you	ENTY.sport
in what olympic games did nadia comaneci become popular ?	WHPP	in	WHNP	what	nadia comaneci	ENTY.sport
in what sport are these following numbers relevant : 118 , 126 , 134 , 142 , 15 , 158 , 167 , 177 , and 19 ?	WHPP	in	WHNP	what	numbers	ENTY.sport
what sports event is meyer wolfsheim supposed to have fixed in the great gatsby ?	WHNP	what	NNS	sports event	meyer wolfsheim	ENTY.sport
what card game has variations called canfield , klondike and spider ?	WHNP	what	NN	card game	variations	ENTY.sport
what sport is chris jogis a top player of ?	WHNP	what	NN	sport	chris	ENTY.sport
what auto race was wilbur reed the first to win three times ?	WHNP	what	NN	auto race	wilbur	ENTY.sport
what contemptible scoundrel stole the cork from my lunch ?	WHNP	what	JJ	contemptible scoundrel	scoundrel	HUM.ind
who was the pride of the yankees ?	WHNP	who	NONE	NONE	pride	HUM.ind
who killed gandhi ?	WHNP	who	NONE	NONE	who	HUM.ind
who was the inventor of silly putty ?	WHNP	who	NONE	NONE	inventor	HUM.ind
what 1920s cowboy star rode tony the wonder horse ?	WHNP	what	NNS	1920s cowboy star	1920s cowboy star	HUM.ind
who was the prophet of the muslim people ?	WHNP	who	NONE	NONE	prophet	HUM.ind
who is snoopy 's arch-enemy ?	WHNP	who	NONE	NONE	arch-enemy	HUM.ind
who do herb and tootsie live next door to ?	WHNP	who	NONE	NONE	herb	HUM.ind
who is the founder of scientology ?	WHNP	who	NONE	NONE	founder	HUM.ind
who starred in singing in the rain and the singing nun ?	WHNP	who	NONE	NONE	who	HUM.ind
what 19th-century painter died in the marquesas islands ?	WHNP	what	JJ	19th-century painter	painter	HUM.ind
who were the five marx brothers ?	WHNP	who	NONE	NONE	brothers	HUM.ind
who invented make-up ?	WHNP	who	NONE	NONE	who	HUM.ind
which of the following was rhodes scholar ?	WHNP	which	NONE	NONE	scholar	HUM.ind
who comprised the now-defunct comic book team known as the champions ?	WHNP	who	NONE	NONE	who	HUM.ind
what crooner joined the andrews sisters for pistol packin mama ?	WHNP	what	NN	crooner	crooner	HUM.ind
what actress has received the most oscar nominations ?	WHNP	what	NN	actress	actress	HUM.ind
who earns their money the hard way ?	WHNP	who	NONE	NONE	who	HUM.ind
who founded the people 's temple commune ?	WHNP	who	NONE	NONE	who	HUM.ind
what athlete makes the most money from sports merchandise sales ?	WHNP	what	NN	athlete	athlete	HUM.ind
who discovered electricity ?	WHNP	who	NONE	NONE	who	HUM.ind
who was the first american in space ?	WHNP	who	NONE	NONE	american	HUM.ind
who is the mayor of marbella ?	WHNP	who	NONE	NONE	mayor	HUM.ind
who sings the themes for `` dawson 's creek '' and `` felicity '' ?	WHNP	who	NONE	NONE	who	HUM.ind
who directed `` jaws '' ?	WHNP	who	NONE	NONE	who	HUM.ind
what is the name of the managing director of apricot computer ?	WHNP	what	NONE	NONE	name	HUM.ind
who created dennis the menace ?	WHNP	who	NONE	NONE	who	HUM.ind
what dummy received an honorary degree from northwestern university ?	WHNP	what	NN	dummy	dummy	HUM.ind
what actor said in a day at the races : `` either he 's dead or my watch has stopped '' ?	WHNP	what	NN	actor	actor	HUM.ind
what explorer was nicknamed iberia 's pilot ?	WHNP	what	NN	explorer	explorer	HUM.ind
what russian composer 's prelude in c sharp minor brought him fame and fortune ?	WHNP	what	ADJP	russian composer	prelude	HUM.ind
who was the mother of the man who would not be king , the duke of windsor ?	WHNP	who	NONE	NONE	mother	HUM.ind
what was the name of the first russian astronaut to do a spacewalk ?	WHNP	what	NONE	NONE	name	HUM.ind
who wrote nn dt nnp nnp '' ?	WHNP	who	NONE	NONE	who	HUM.ind
what diminutive american female gymnast stole the show at the 1984 olympics ?	WHNP	what	ADJP	diminutive gymnast	gymnast	HUM.ind
who was president of afghanistan in 1994 ?	WHNP	who	NONE	NONE	president	HUM.ind
who was the lead actress in the movie ` sleepless in seattle ' ?	WHNP	who	NONE	NONE	actress	HUM.ind
who was the 16th president of the united states ?	WHNP	who	NONE	NONE	president	HUM.ind
who are the two sons of ozzie and harriet nelson ?	WHNP	who	NONE	NONE	sons	HUM.ind
who was the author of the book about computer hackers called `` the cuckoo 's egg : tracking a spy through the maze of computer espionage '' ?	WHNP	who	NONE	NONE	author	HUM.ind
who was the founding member of the pink floyd band ?	WHNP	who	NONE	NONE	member	HUM.ind
which doonesbury character was likely to turn into a werewolf ?	WHNP	which	ADJP	doonesbury character	character	HUM.ind
who has the only speaking role in `` silent movie '' ?	WHNP	who	NONE	NONE	who	HUM.ind
what girl 's name is `` teddy '' an affectionate form of ?	WHNP	what	NN	girl 's		HUM.ind
who made a boat out of gopher wood ?	WHNP	who	NONE	NONE	who	HUM.ind
which bloom county resident wreaks havoc with a computer ?	WHNP	which	NP	bloom	bloom	HUM.ind
what part did john peter zenger play in the deveopment of the newspaper in america ?	WHNP	what	NN	part	peter zenger	HUM.ind
who followed caesar ?	WHNP	who	NONE	NONE	who	HUM.ind
who was the first woman golfer to earn a million ?	WHNP	who	NONE	NONE	woman golfer	HUM.ind
who does the advertizing for frito-lay ?	WHNP	who	NONE	NONE	who	HUM.ind
who invented the radio ?	WHNP	who	NONE	NONE	who	HUM.ind
who is the man behind the pig-the man who pulls the strings and speaks for miss piggy ?	WHNP	who	NONE	NONE	man	HUM.ind
what actor first portrayed james bond ?	WHNP	what	NN	actor	actor	HUM.ind
who was the first american poet to win the nobel prize for literature , in 1948 ?	WHNP	who	NONE	NONE	american poet	HUM.ind
who won the nobel peace prize in 1991 ?	WHNP	who	NONE	NONE	who	HUM.ind
who was the first coach of the cleveland browns ?	WHNP	who	NONE	NONE	coach	HUM.ind
who said of super bowl iii in 1969 : `` we 'll win- i guarantee it '' ?	WHNP	who	NONE	NONE	who	HUM.ind
who declared : `` i am down on whores and i shan 't stop ripping them '' ?	WHNP	who	NONE	NONE	who	HUM.ind
what soviet leader owned a rolls-royce ?	WHNP	what	JJ	soviet leader	leader	HUM.ind
who wrote the song , `` stardust '' ?	WHNP	who	NONE	NONE	who	HUM.ind
who is the only prime minister of canada to serve 22 years but not necessarily consecutively ?	WHNP	who	NONE	NONE	minister	HUM.ind
who received the will rogers award in 1989 ?	WHNP	who	NONE	NONE	who	HUM.ind
what was the name of the lawyer who represented randy craft ?	WHNP	what	NONE	NONE	name	HUM.ind
what united states president had dreamed that he was assassinated ?	WHNP	what	JJ	united states president	states president	HUM.ind
what president lived at 219 north delaware street , independence , missouri ?	WHNP	what	NN	president	president	HUM.ind
what famous model was married to billy joel ?	WHNP	what	JJ	famous model	model	HUM.ind
who danced into stardom with fred astaire in 1941 's you 'll never get rich ?	WHNP	who	NONE	NONE	who	HUM.ind
who is the fastest swimmer in the world ?	WHNP	who	NONE	NONE	swimmer	HUM.ind
what actor 's autobiography is titled all my yesterdays ?	WHNP	what	NN	actor 's	autobiography	HUM.ind
what russian master spy lived in the u.s. under the name emil goldfus ?	WHNP	what	NONE	NONE	spy	HUM.ind
who played the original charlie 's angels ?	WHNP	who	NONE	NONE	who	HUM.ind
who wrote the night of the iguana ?	WHNP	who	NONE	NONE	who	HUM.ind
who painted mother and child ?	WHNP	who	NONE	NONE	who	HUM.ind
what was mao 's second name ?	WHNP	what	NONE	NONE	name	HUM.ind
who has more dna - a man or a woman ?	WHNP	who	NONE	NONE	who	HUM.ind
who came up with the name , el nino ?	WHNP	who	NONE	NONE	who	HUM.ind
what dictator has the nickname `` el maximo '' ?	WHNP	what	NN	dictator	dictator	HUM.ind
what tv sitcom character had the maiden name ethel potter ?	WHNP	what	JJ	tv sitcom character	sitcom character	HUM.ind
who kept the most famous diary in the english language ?	WHNP	who	NONE	NONE	who	HUM.ind
what spanish artist painted crucifixion ?	WHNP	what	JJ	spanish artist	artist	HUM.ind
what spy novelist served as moscow correspondent for reuter and the times of london ?	WHNP	what	NN	spy novelist	spy novelist	HUM.ind
who was randy steven craft 's lawyer ?	WHNP	who	NONE	NONE	lawyer	HUM.ind
who was the first host of person to person ?	WHNP	who	NONE	NONE	host	HUM.ind
who is the superstar in rent-a-cars ?	WHNP	who	NONE	NONE	superstar	HUM.ind
who is the president of stanford university ?	WHNP	who	NONE	NONE	president	HUM.ind
whose first presidential order was : `` let 's get this goddamn thing airborne '' ?	WHNP	whose	JJ	first presidential order		HUM.ind
who invented baseball ?	WHNP	who	NONE	NONE	who	HUM.ind
who was shot in the back during a poker game in deadwood , the dakota territory ?	WHNP	who	NONE	NONE	who	HUM.ind
what wrestling star became `` the incredible hulk '' ?	WHNP	what	NN	wrestling star	wrestling star	HUM.ind
who was the star of the 1965 broadway hit golden boy ?	WHNP	who	NONE	NONE	star	HUM.ind
what was her real name ?	WHNP	what	NONE	NONE	name	HUM.ind
who invented the toothbrush ?	WHNP	who	NONE	NONE	who	HUM.ind
what baseball star turned down a $1 , 000-a-year contract because he felt he had n't earned it ?	WHNP	what	NN	baseball star	baseball star	HUM.ind
what video game hero do some of his fans call chomper ?	WHNP	what	NN	video game hero	some	HUM.ind
what tv comediennes 's characters include former movie star nora desmond , secretary mrs. wiggins and a housewife named eunice ?	WHNP	what	NNP	tv comediennes 's	characters	HUM.ind
who played the ringo kid in the 1939 film stagecoach ?	WHNP	who	NONE	NONE	who	HUM.ind
who died 1 feet from where john f. kennedy did ?	WHNP	who	NONE	NONE	who	HUM.ind
what first name was nipsy russell given at birth ?	WHNP	what	JJ	first name	name	HUM.ind
who is the youngest of the beatles ?	WHNP	who	NONE	NONE	youngest	HUM.ind
who was the first holy roman emperor ?	WHNP	who	NONE	NONE	roman emperor	HUM.ind
who graced the airwaves with such pearls as `` do ya lo-o-ove me ? get naked , baby ! '' ?	WHNP	who	NONE	NONE	who	HUM.ind
who portrayed portly criminologist carl hyatt on checkmate ?	WHNP	who	NONE	NONE	who	HUM.ind
what are the first names of rowan and martin , the stars of tv 's laugh-in ?	WHNP	what	NONE	NONE	names	HUM.ind
who is the worst us president ever ?	WHNP	who	NONE	NONE	worst	HUM.ind
what asian leader was known as the little brown saint ?	WHNP	what	ADJP	asian leader	leader	HUM.ind
who sings the song `` drink to me with thine eyes '' by ben johnson ?	WHNP	who	NONE	NONE	who	HUM.ind
who is the monarch of the united kingdom ?	WHNP	who	NONE	NONE	monarch	HUM.ind
what are the top ten most common girl names in the us ?	WHNP	what	NONE	NONE	girl names	HUM.ind
who does data collection in tourism ?	WHNP	who	NONE	NONE	who	HUM.ind
what was the name of the daughter of the virginia chief powhatan that married john rolfe ?	WHNP	what	NONE	NONE	name	HUM.ind
who were the four famous founders of united artists ?	WHNP	who	NONE	NONE	founders	HUM.ind
who was the only u.s. president to wear a nazi uniform ?	WHNP	who	NONE	NONE	u.s. president	HUM.ind
what 's the nickname of oddsmaker jimmy snyder ?	WHNP	what	NONE	NONE	nickname	HUM.ind
whose autobiography is titled yes i can ?	WHNP	whose	NN	autobiography	autobiography	HUM.ind
who claimed he killed 4 , 280 buffalo as food for the crew building the kansas pacific railway ?	WHNP	who	NONE	NONE	who	HUM.ind
what double talking `` professor '' holds a doctorate in nothing ?	WHNP	what	JJ	double talking `` professor ''	talking professor	HUM.ind
what 19th-century writer had a country estate on the hudson dubbed sunnyside ?	WHNP	what	JJ	19th-century writer	writer	HUM.ind
what was the name of the cook on rawhide ?	WHNP	what	NONE	NONE	name	HUM.ind
who was named admiral of the ocean seas and viceroy and governor general of all the islands he might discover , and also granted 10-?? of all profits of his voyage .	WHNP	who	NONE	NONE	who	HUM.ind
what author landed a 468-pound marlin without harness in the early 193 's ?	WHNP	what	NN	author	author	HUM.ind
what lawyer won the largest divorce settlement , $85 million , in u.s. history for sheika dena al-farri ?	WHNP	what	NN	lawyer	lawyer	HUM.ind
who delivered his last newscast on march 6 , 1981 ?	WHNP	who	NONE	NONE	who	HUM.ind
what former major-league left-handed baseball pitcher was known as `` space man '' ?	WHNP	what	JJ	former major-league left-handed baseball pitcher	baseball pitcher	HUM.ind
what was michelangelo 's last name ?	WHNP	what	NONE	NONE	name	HUM.ind
who was the democratic nominee in the american presidential election ?	WHNP	who	NONE	NONE	nominee	HUM.ind
what president-to-be was the first member of congress to enlist following the attack on pearl harbor ?	WHNP	what	NP	president-to-be	member	HUM.ind
what classical spanish writer warned : `` all that glitters is not gold '' ?	WHNP	what	JJ	classical spanish writer	writer	HUM.ind
what actor married john f. kennedy 's sister ?	WHNP	what	NN	actor	actor	HUM.ind
who fired maria ybarra from her position in san diego council ?	WHNP	who	NONE	NONE	who	HUM.ind
who was the first black golfer to tee off in the masters ?	WHNP	who	NONE	NONE	golfer	HUM.ind
what u.s. president showed a fondness for munching on bee pollen bars ?	WHNP	what	NONE	NONE	u.s. president	HUM.ind
whose cover is that of an employee of universal import and export ?	WHNP	whose	NN	cover	that	HUM.ind
what former president 's daughter has written a book titled murder in the white house ?	WHNP	what	JJ	former president 's	daughter	HUM.ind
what fictional character is known as the `` melancholy dane '' ?	WHNP	what	JJ	fictional character	character	HUM.ind
what longtime game show host dropped dead while jogging in central park in 1984 ?	WHNP	what	JJ	longtime game show host	game show host	HUM.ind
who were the `` filthiest people alive ? ''	WHNP	who	NONE	NONE	people	HUM.ind
what is the real name of disc jockey `` wolfman jack '' ?	WHNP	what	NONE	NONE	name	HUM.ind
who invented silly putty ?	WHNP	who	NONE	NONE	who	HUM.ind
who patented the first phonograph ?	WHNP	who	NONE	NONE	who	HUM.ind
who created private detective philip marlowe ?	WHNP	who	NONE	NONE	who	HUM.ind
who coined the term nn cyberspace `` in his novel nn neuromancer '' ?	WHNP	who	NONE	NONE	who	HUM.ind
what is the full name of the man who invented the multicolored game cube that has 42.3 quintillion potential combinations ?	WHNP	what	NONE	NONE	name	HUM.ind
who was lauren bacall 's first husband ?	WHNP	who	NONE	NONE	husband	HUM.ind
who created the character of scrooge ?	WHNP	who	NONE	NONE	who	HUM.ind
who was the author of `` john brown 's body '' ?	WHNP	who	NONE	NONE	author	HUM.ind
what american poet wrote : `` good fences make good neighbors '' ?	WHNP	what	ADJP	american poet	poet	HUM.ind
who painted the sistine chapel ?	WHNP	who	NONE	NONE	who	HUM.ind
what explorers followed columbus to the americas ?	WHNP	what	NNS	explorers	explorers	HUM.ind
who is actress goldie hawn 's current actor boyfriend ?	WHNP	who	NONE	NONE	actress	HUM.ind
who banned peter rose from baseball for betting on games ?	WHNP	who	NONE	NONE	who	HUM.ind
what are the names of richard nixon 's two daughters ?	WHNP	what	NONE	NONE	names	HUM.ind
who was nicknamed the little corporal ?	WHNP	who	NONE	NONE	who	HUM.ind
what was american folk hero john chapman 's nickname ?	WHNP	what	NONE	NONE	american folk hero nickname	HUM.ind
what author did photographer yousuf karsh call `` the shiest man i ever met '' ?	WHNP	what	NN	author	photographer yousuf karsh	HUM.ind
what barroom judge called himself the law west of the pecos ?	WHNP	what	NN	barroom judge	barroom judge	HUM.ind
who was president of costa rica in 1994 ?	WHNP	who	NONE	NONE	president	HUM.ind
who was chairman of the senate select committee that tried to get to the bottom of watergate ?	WHNP	who	NONE	NONE	chairman	HUM.ind
what actor starred in 1980 's blue lagoon , 1982 's the pirate movie and 1983 's a night in heaven ?	WHNP	what	NN	actor	actor	HUM.ind
who is the voice of miss piggy ?	WHNP	who	NONE	NONE	voice	HUM.ind
who replaced bert parks as the host of the miss america pageant ?	WHNP	who	NONE	NONE	who	HUM.ind
who was the first person inducted into the u.s. swimming hall of fame ?	WHNP	who	NONE	NONE	person	HUM.ind
what golfer has been called ohio fats and blobbo ?	WHNP	what	NN	golfer	golfer	HUM.ind
who murdered leno and rosemary labianca on august 1	WHNP	who	NONE	NONE	who	HUM.ind
which of the following men was not married to rita hayworth ?	WHNP	which	NONE	NONE	which	HUM.ind
who said , `` i shall return . '' during world war two ?	WHNP	who	NONE	NONE		HUM.ind
who portrayed etta place , companion to butch cassidey and the sundance kid ?	WHNP	who	NONE	NONE	who	HUM.ind
who was the charlie perfume woman ?	WHNP	who	NONE	NONE	perfume woman	HUM.ind
who portrayed `` rosanne rosanna-dana '' on the television show `` saturday night live '' ?	WHNP	who	NONE	NONE	who	HUM.ind
what english word comes from the old french covrefeu , meaning cover fire ?	WHNP	what	ADJP	english word	word	ENTY.word
what is the longest word in the english language ?	WHNP	what	NONE	NONE	word	ENTY.word
what is the plural of gulf ?	WHNP	what	NONE	NONE	plural	ENTY.word
what is the longest english word ?	WHNP	what	NONE	NONE	english word	ENTY.word
what 's the word for broken glass or sharp rocks embedded in cement on top of a wall ?	WHNP	what	NONE	NONE	word	ENTY.word
what italian liner was hijacked in 1985 ?	WHNP	what	JJ	italian liner	liner	ENTY.veh
what articles of clothing are tokens in monopoly ?	WHNP	what	NNS	articles	tokens	ENTY.other
what does a spermologer collect ?	WHNP	what	NONE	NONE	spermologer	ENTY.other
what was cash-conscious colonel edwin l. drake the first to drill ?	WHNP	what	NONE	NONE	colonel edwin	ENTY.other
what weapon is the mythological character apollo most proficient with ?	WHNP	what	NN	weapon	character apollo	ENTY.other
what does the six-footed musca domestica become when it enters a house ?	WHNP	what	NONE	NONE	musca domestica	ENTY.other
what is nebraska 's most valuable resource ?	WHNP	what	NONE	NONE	resource	ENTY.other
what was the education system in the 1960 's ?	WHNP	what	NONE	NONE	education system	ENTY.other
what four forms does gold occur in ?	WHNP	what	CD	four forms	gold	ENTY.other
what is the mascot for notre dame university ?	WHNP	what	NONE	NONE	mascot	ENTY.other
to what does microsoft 's windows 3 owe its success ?	WHPP	to	WHNP	what	windows	ENTY.other
what is the lowest level of the american judiciary ?	WHNP	what	NONE	NONE	level	ENTY.other
what are the 7 articles of the constitution ?	WHNP	what	NONE	NONE	articles	ENTY.other
what is the fastest commercial automobile that can be bought in the us ?	WHNP	what	NONE	NONE	automobile	ENTY.other
what 's the tallest piece on a chessboard ?	WHNP	what	NONE	NONE	piece	ENTY.other
what are the developmental stages of a swimmer ?	WHNP	what	NONE	NONE	stages	ENTY.other
what gaming devices were dubbed `` mississippi marbles '' and `` memphis dominoes '' ?	WHNP	what	NN	gaming devices	gaming devices	ENTY.other
what 's the most powerful card in euchre ?	WHNP	what	NONE	NONE	card	ENTY.other
what are the different types of plastic ?	WHNP	what	NONE	NONE	types	ENTY.other
what killed bob marley ?	WHNP	what	NONE	NONE	what	ENTY.other
what do bicornate animals have two of ?	WHNP	what	NONE	NONE	animals	ENTY.other
what type of bridge is the golden gate bridge ?	WHNP	what	NN	type	gate bridge	ENTY.other
what deck of cards includes the wheel of fortune , the lovers , and death ?	WHNP	what	NN	deck	deck	ENTY.other
what does the statue of liberty wear on her feet ?	WHNP	what	NONE	NONE	statue	ENTY.other
what household facility contains a float ball , ballcock , and overflow tube ?	WHNP	what	NN	household facility	household facility	ENTY.other
what is grenada 's main commodity export ?	WHNP	what	NONE	NONE	commodity export	ENTY.other
what `` magic '' does mandrake employ ?	WHNP	what	``	`` magic ''	mandrake	ENTY.other
what was introduced commercially by bayer a.g. of leverkusen , in 1899 ?	WHNP	what	NONE	NONE	what	ENTY.other
what kind of file has the extension .dbf ?	WHNP	what	NN	kind	kind	ENTY.other
what does a chairbound basophobic fear ?	WHNP	what	NONE	NONE	basophobic	ENTY.other
what fastener did whitcomb judson patent in 1893 ?	WHNP	what	NN	fastener	whitcomb	ENTY.other
what 's approaching when a cyclist shouts : `` oil '' ?	WHNP	what	NONE	NONE	what	ENTY.other
what can i use to remove the stubborn gummed labels from some diskettes ?	WHNP	what	NONE	NONE	i	ENTY.other
what is the rarest coin ?	WHNP	what	NONE	NONE	coin	ENTY.other
what kind of education do i need to become a flight attendant ?	WHNP	what	NN	kind	i	ENTY.other
what type of hunting are retrievers used for ?	WHNP	what	NN	type	retrievers	ENTY.other
what did dan aykroyd and john belushi quit saturday night live to become ?	WHNP	what	NONE	NONE	aykroyd	ENTY.other
what is november 's birthstone ?	WHNP	what	NONE	NONE	birthstone	ENTY.other
which is the largest clock , diameter wise , in europe ?	WHNP	which	NONE	NONE	clock	ENTY.other
what types of water pollution are there ?	WHNP	what	NNS	types	types	ENTY.other
what 's the name of a golf course in myrtle beach ?	WHNP	what	NONE	NONE	name	ENTY.other
what does god create in the first sentence of the bible ?	WHNP	what	NONE	NONE	god	ENTY.other
what are the most common elements in the earth 's crust ?	WHNP	what	NONE	NONE	elements	ENTY.substance
what are the four elements ?	WHNP	what	NONE	NONE	elements	ENTY.substance
what was the bridge of san luis rey made of ?	WHNP	what	NONE	NONE	bridge	ENTY.substance
what does ribavirin consist of ?	WHNP	what	NONE	NONE	ribavirin	ENTY.substance
what is a golf ball made of ?	WHNP	what	NONE	NONE	golf ball	ENTY.substance
what is the second hardest substance ?	WHNP	what	NONE	NONE	substance	ENTY.substance
what are the chemicals used in glowsticks ?	WHNP	what	NONE	NONE	chemicals	ENTY.substance
what is a fear of shadows ?	WHNP	what	NONE	NONE	fear	ENTY.dismed
what therapy attempts to elicit the `` primal scream '' ?	WHNP	what	NN	therapy	therapy	ENTY.dismed
what disease is transmitted by the anopheles mosquito ?	WHNP	what	NN	disease	disease	ENTY.dismed
what chemicals are used in lethal injection ?	WHNP	what	NNS	chemicals	chemicals	ENTY.dismed
what is the fear of cockroaches called ?	WHNP	what	NONE	NONE	fear	ENTY.dismed
what is a fear of weakness ?	WHNP	what	NONE	NONE	fear	ENTY.dismed
what is a fear of thunder ?	WHNP	what	NONE	NONE	fear	ENTY.dismed
what is a fear of bees ?	WHNP	what	NONE	NONE	fear	ENTY.dismed
what is a fear of being alone ?	WHNP	what	NONE	NONE	fear	ENTY.dismed
what is a fear of passing high objects ?	WHNP	what	NONE	NONE	fear	ENTY.dismed
what is a fear of parasites ?	WHNP	what	NONE	NONE	fear	ENTY.dismed
what is the fear of being loved ?	WHNP	what	NONE	NONE	fear	ENTY.dismed
what is the name of the chronic neurological autoimmune disease which attacks the protein sheath that surrounds nerve cells causing a gradual loss of movement in the body ?	WHNP	what	NONE	NONE	name	ENTY.dismed
what is the most common kind of skin cancer in the u.s. ?	WHNP	what	NONE	NONE	kind	ENTY.dismed
what does a topophobic actor suffer from ?	WHNP	what	NONE	NONE	actor	ENTY.dismed
what infectious disease is the world 's deadliest ?	WHNP	what	JJ	infectious disease	world	ENTY.dismed
what is a fear of food ?	WHNP	what	NONE	NONE	fear	ENTY.dismed
what is a fear of sleep ?	WHNP	what	NONE	NONE	fear	ENTY.dismed
who is terrence malick ?	WHNP	who	NONE	NONE	malick	HUM.desc
who is stein eriksen ?	WHNP	who	NONE	NONE	stein eriksen	HUM.desc
who is the `` queen mother '' ?	WHNP	who	NONE	NONE	queen mother	HUM.desc
who is coronado ?	WHNP	who	NONE	NONE	coronado	HUM.desc
who is desmond tutu ?	WHNP	who	NONE	NONE	who	HUM.desc
who is barbara jordan ?	WHNP	who	NONE	NONE	barbara jordan	HUM.desc
who is colin powell ?	WHNP	who	NONE	NONE	colin powell	HUM.desc
